Title,Premiere
Awaiting release,
Little House on the Prairie,2026-07-09
Crew Girl,2026-09-10
The Hawk,2026-07-16
A Different World,2026-09-24
Alley Cats,2026-08-07
Bass x Machina,2026-10-06
Lego One Piece,2026-09-29
The Perfect Lie,2026-09-10
Human Vapor,2026-07-02
Notes from the Last Row,2026-06-26
The East Palace,2026-07-17
Wrath,2026-07-29
Oasis,2026-06-19
I'm Not Afraid,2026-07-08
"Salcedo, Leather, and Boogaloo",2026-07-08
The Map of Longing,2026-07-17
Moria,2026-08-14
All the Truth in My Lies,2026-08-28
Super Subbu,2026-07-02
Balaraw: Blood Island,2026-09-24
A Filipino Christmas,2026-12-03
The American Experiment,2026-06-24
Worst Neighbor Ever,2026-07-01
Lock Upp,2026-06-27
Physical 100: Italy,2026-09-11
Heartstopper Forever,2026-07-17
East of Eden,
Pride and Prejudice,
The Body,
Monster: The Lizzie Borden Story,
My Brilliant Career,
Unaccustomed Earth,
Untitled Newfoundland and Labrador series,
Scooby-Doo: Origins,
The Age of Innocence,
Alexander,
All the Sinners Bleed,
The Altruists,
Assassin's Creed,
Barbaric,
Black Hole,
The Boys from Brazil,
Breakers,
Calabasas,
The Corrections,
Enigma Variations,
The God of the Woods,
The Granville Girls,
Grown Ups,
How to Kill Your Family,
Icebreaker,
Kennedy,
The Lords' Day,
Lovesick,
Mercenary: An Extraction Series,
Myron Bolitar,
Pagans,
Poser,
"Rabbit, Rabbit",
The Retrievals,
The Roman,
So Far Gone,
This Summer Will Be Different,
Thumblite,
Trigger Point,
Trinity,
Twisted Love,
Uncorked,
The Undertow,
Untitled Alan Chikin Chow series,
Untitled Charlie Brooker series,
Untitled Michelle Monaghan series,
Untitled The Secret of Secrets series,
Untitled Tim McGraw series,
Weather Girl,
Where There's Smoke,
The Woods,
Hollywood Arts,
Minimum Wage,
A Hundred Percent,
I Suck at Girls,
Dang!,
Dad's House,
Dealies,
Living the Dream,
Magic: The Gathering,
Midnight Sun,
Untitled Absurdverse series,
The One Piece,
Beat & Motion,
Cyberpunk: Edgerunners 2,
Jimoto Saiko!,
Ghostbusters: Night Shift,
Mafalda,
Motel Transylvania,
Untitled Clash of Clans series,
Untitled Minecraft series,
Untitled Rebel Moon series,
Young MacDonald,
The Silence,
Untitled Hadewych Minis and Geert van Rampelberg series,
Love & Chaos,
The Trap,
Witches,
Akka,
Chumbak,
Family Business,
Musafir Cafe,
O Saathi Re,
Operation Safed Sagar,
Talaash: A Mother’s Search,
Yeh Dil Sun Raha Hai,
Rakt Bramhand – The Bloody Kingdom,
ChiaroScuro,
Minerva Academy,
Nemesis,
SuburraMaxima,
Il capo perfetto,
Did Someone Happen to Mention Me?,
Plastic Beauty,
Quiztopia,
S&X,
Mousetrap,
Our Sticky Love,
The Scandal,
Dead-End Job,
Road,
Take Charge of My Heart,
Tantara,
The Facade of Love,
Long Vacation,
Kin and Sin,
Beauty in the Beast,
The Dealer,
Fall in! Love,
Grand Galaxy Hotel,
Love O'Clock,
Paper Man,
Solo Leveling,
Variety,
Bloody Smart,
Confessions,
The Fixers,
Dogman,
How to Survive Med School,
Miracles of the ER,
Pacify,
Anaesthesia,
The Doll,
Nights & Days,
Untitled Mauro Mendonça Filho series,
As Crianças Estão de Volta,
Habeas Corpus,
MED,
Os 12 Signos de Valentina,
Os Crentes,
Rauls,
Untitled melodrama series,
Untitled open marriage series,
Alicia's Law,
Gordon,
Lobo,
Lovesick,
My Sad Dead,
The Other Father,
Crimen desorganizado,
The Future Is Ours,
Tiempo al tiempo,
Untitled Sebastián Borensztein series,
Corruptors,
El crimen de Pazos,
El problema final,
Los secretos de la cortesana,
Nine Queens,
The Night Marta Disappeared,
Palace,
Reasonable Doubts,
Money Trap: The Karun Treasure,
Seni Tanıyorum,
Sonra Gözler Görür,
Untitled Sara Khorami series,
Bytet,
BuyBust: The Undesirables,
The Case,
Delusion,
Empress of Flames,
Legacy,
#Love,
Chasing Shadows,
Florida,
GIGN,
Jo Bachay Hain Sang Samait Lo,
Obsess,
Untitled Nick Cannon docuseries,
Untitled Tony Parsons docuseries,
Criminopatía,
Jack Unterweger,
Pinzner: German Hitman,
This Blew Up,
Untitled Alejandro Sanz docuseries,
Untitled Carmen Cervera docuseries,
Untitled John Meehan docuseries,
Untitled John O'Keefe docuseries,
Untitled Jonestown docuseries,
Untitled Mike Tyson docuseries,
Untitled Natalee Holloway docuseries,
Take a Hike!,
Win the Mall,
"Doors Closed, Bids Open",
Earle Meets World,
The Golden Ticket,
Let's Marry Harry,
Love Is Blind: Netherlands,
Love Is Blind: South Africa,
Physical 100: Mexico,
Schooled!,
Sua Mãe Te Conhece?,
Physical 100: Sweden,
Simon Says,
Clue,
Love Is Blind: Denmark,
Monopoly,
Physical 100: USA,
Untitled Alan Ritchson survival competition series,
Zie Zarrellas,
The Bombing of Pan Am 103,
The Countess of Monte Cristo,
Jackdaws,
Untitled Peaky Blinders sequel series,
Dhindora (season 2),
Untitled Sintonia spin-off film,
